Date,Sales,year,quarter,month,week_of_year,is_q4,sin_week,cos_week,sin_month,cos_month,sales_lag_1,sales_lag_2,sales_lag_3,sales_lag_4,sales_lag_8,sales_lag_12,sales_lag_52,sales_rolling_mean_4,sales_rolling_std_4,sales_rolling_min_4,sales_rolling_max_4,sales_rolling_mean_12,sales_rolling_std_12,orders_lag_1,quantity_lag_1,profit_lag_1,avg_discount_lag_1,log_sales
2015-01-04,13462.7946,2015,1,1,1,0,0.1201,0.9928,0.5,0.866,12431.376,18036.827,16064.3225,13515.078,14572.967,4617.902,324.044,15011.9,2527.01,12431.38,18036.83,13978.63,6029.98,32.0,246.0,881.74,0.1746,9.5078
2015-01-11,1708.984,2015,1,1,2,0,0.2385,0.9711,0.5,0.866,13462.7946,12431.376,18036.827,16064.3225,15343.3457,11050.8,4599.572,14998.83,2537.45,12431.38,18036.83,14715.7,5275.08,27.0,243.0,12.64,0.1659,7.4442
2015-01-18,1827.276,2015,1,1,3,0,0.3535,0.9355,0.5,0.866,1708.984,13462.7946,12431.376,18036.827,26800.975,3689.766,4509.127,11410.0,6910.9,1708.98,18036.83,13937.22,6428.36,6.0,44.0,-171.82,0.1462,7.5111
2015-01-25,358.522,2015,1,1,4,0,0.4633,0.8862,0.5,0.866,1827.276,1708.984,13462.7946,12431.376,15052.979,16567.19,3842.388,7357.61,6468.07,1708.98,13462.79,13782.01,6714.39,7.0,51.0,-76.94,0.2,5.8848
2015-02-01,10314.516,2015,1,2,5,0,0.5664,0.8241,0.866,0.5,358.522,1827.276,1708.984,13462.7946,13515.078,14572.967,1642.31,4339.39,6118.65,358.52,13462.79,12431.29,7666.05,3.0,15.0,1.23,0.16,9.2414
2015-02-08,3378.582,2015,1,2,6,0,0.6613,0.7501,0.866,0.5,10314.516,358.522,1827.276,1708.984,16064.3225,15343.3457,756.888,3552.32,4557.09,358.52,10314.52,12076.42,7656.46,7.0,56.0,-1628.14,0.175,8.1255
2015-02-15,3545.134,2015,1,2,7,0,0.7466,0.6653,0.866,0.5,3378.582,10314.516,358.522,1827.276,18036.827,26800.975,2780.094,3969.72,4405.93,358.52,10314.52,11079.35,7965.18,12.0,71.0,532.95,0.0905,8.1736
2015-02-22,3253.514,2015,1,2,8,0,0.8211,0.5708,0.866,0.5,3545.134,3378.582,10314.516,358.522,12431.376,15052.979,227.236,4399.19,4206.71,358.52,10314.52,9141.37,6483.62,9.0,78.0,691.98,0.2095,8.0878
2015-03-01,3416.3554,2015,1,3,9,0,0.8837,0.468,1.0,0.0,3253.514,3545.134,3378.582,10314.516,13462.7946,13515.078,2480.663,5122.94,3463.11,3253.51,10314.52,8158.08,6399.77,9.0,40.0,1498.59,0.0182,8.1366
2015-03-08,7794.9169999999995,2015,1,3,10,0,0.9336,0.3584,1.0,0.0,3416.3554,3253.514,3545.134,3378.582,1708.984,16064.3225,3982.968,3398.4,120.05,3253.51,3545.13,7316.52,6294.41,11.0,73.0,103.04,0.1733,8.9614
2015-03-15,2729.488,2015,1,3,11,0,0.9698,0.2437,1.0,0.0,7794.9169999999995,3416.3554,3253.514,3545.134,1827.276,18036.827,4611.522,4502.48,2198.2,3253.51,7794.92,6627.4,5671.47,15.0,115.0,1138.62,0.1788,7.9122
2015-03-22,18231.9866,2015,1,3,12,0,0.9921,0.1254,1.0,0.0,2729.488,7794.9169999999995,3416.3554,3253.514,358.522,12431.376,38176.809,4298.57,2349.25,2729.49,7794.92,5351.79,4465.16,11.0,57.0,656.11,0.1625,9.811
2015-03-29,7555.746,2015,1,3,13,0,1.0,0.0053,1.0,0.0,18231.9866,2729.488,7794.9169999999995,3416.3554,10314.516,13462.7946,4554.623,8043.19,7153.47,2729.49,18231.99,5835.17,5496.19,24.0,179.0,6501.08,0.1238,8.9302
2015-04-05,5529.816,2015,2,4,14,0,0.9934,-0.1148,0.866,-0.5,7555.746,18231.9866,2729.488,7794.9169999999995,3378.582,1708.984,11193.08,9078.03,6533.57,2729.49,18231.99,5342.92,4992.37,20.0,116.0,1455.68,0.069,8.6181
2015-04-12,3344.06,2015,2,4,15,0,0.9724,-0.2333,0.866,-0.5,5529.816,7555.746,18231.9866,2729.488,3545.134,1827.276,7445.859,8511.76,6775.53,2729.49,18231.99,5661.32,4859.61,15.0,124.0,72.73,0.25,8.1152
2015-04-19,12471.884,2015,2,4,16,0,0.9373,-0.3484,0.866,-0.5,3344.06,5529.816,7555.746,18231.9866,3253.514,358.522,2810.244,8665.4,6605.54,3344.06,18231.99,5787.72,4769.72,14.0,89.0,-507.5,0.184,9.4313
2015-04-26,5277.7735,2015,2,4,17,0,0.8887,-0.4585,0.866,-0.5,12471.884,3344.06,5529.816,7555.746,3416.3554,10314.516,4128.282,7225.38,3897.63,3344.06,12471.88,6797.17,4797.97,23.0,192.0,1116.13,0.1741,8.5714
2015-05-03,11160.547,2015,2,5,18,0,0.8272,-0.562,0.5,-0.866,5277.7735,12471.884,3344.06,5529.816,7794.9169999999995,3378.582,5162.244,6655.88,3998.39,3344.06,12471.88,6377.44,4681.19,15.0,86.0,751.7,0.1121,9.3202
2015-05-10,5612.204,2015,2,5,19,0,0.7537,-0.6573,0.5,-0.866,11160.547,5277.7735,12471.884,3344.06,2729.488,3545.134,7787.834,8063.57,4436.93,3344.06,12471.88,7025.94,4766.24,17.0,149.0,3060.86,0.1643,8.6329
2015-05-17,5092.2455,2015,2,5,20,0,0.6693,-0.743,0.5,-0.866,5612.204,11160.547,5277.7735,12471.884,18231.9866,3253.514,3274.016,8630.6,3719.69,5277.77,12471.88,7198.19,4665.29,14.0,81.0,1227.56,0.1455,8.5357
2015-05-24,6030.097,2015,2,5,21,0,0.5751,-0.818,0.5,-0.866,5092.2455,5612.204,11160.547,5277.7735,7555.746,3416.3554,5416.56,6785.69,2924.49,5092.25,11160.55,7351.42,4552.79,15.0,124.0,524.22,0.2117,8.7047
2015-05-31,10580.208,2015,2,5,22,0,0.4727,-0.8812,0.5,-0.866,6030.097,5092.2455,5612.204,11160.547,5529.816,7794.9169999999995,11592.213,6973.77,2817.42,5092.25,11160.55,7569.23,4407.62,11.0,90.0,575.63,0.2833,9.2668
2015-06-07,3619.474,2015,2,6,23,0,0.3634,-0.9316,0.0,-1.0,10580.208,6030.097,5092.2455,5612.204,3344.06,2729.488,6092.868,6828.69,2530.26,5092.25,10580.21,7801.34,4493.1,26.0,208.0,2001.92,0.113,8.1944
2015-06-14,6608.238,2015,2,6,24,0,0.2489,-0.9685,0.0,-1.0,3619.474,10580.208,6030.097,5092.2455,12471.884,18231.9866,7124.992,6330.51,3001.84,3619.47,10580.21,7875.5,4408.31,10.0,81.0,939.72,0.1263,8.7962
2015-06-21,7445.001,2015,2,6,25,0,0.1307,-0.9914,0.0,-1.0,6608.238,3619.474,10580.208,6030.097,5277.7735,7555.746,12233.9846,6709.5,2886.89,3619.47,10580.21,6906.86,2967.33,18.0,161.0,157.6,0.1889,8.9154
2015-06-28,6691.653,2015,2,6,26,0,0.0107,-0.9999,0.0,-1.0,7445.001,6608.238,3619.474,10580.208,11160.547,5529.816,3215.1389999999997,7063.23,2862.48,3619.47,10580.21,6897.63,2965.3,19.0,115.0,1892.25,0.2,8.8088
2015-07-05,4148.744,2015,3,7,27,0,-0.1095,-0.994,-0.5,-0.866,6691.653,7445.001,6608.238,3619.474,5612.204,3344.06,4150.192,6091.09,1690.18,3619.47,7445.0,6994.45,2935.39,17.0,121.0,258.78,0.1576,8.3308
2015-07-12,7025.851,2015,3,7,28,0,-0.2281,-0.9736,-0.5,-0.866,4148.744,6691.653,7445.001,6608.238,5092.2455,12471.884,5768.223,6223.41,1433.4,4148.74,7445.0,7061.51,2852.44,18.0,103.0,521.93,0.2031,8.8575
2015-07-19,7046.083,2015,3,7,29,0,-0.3434,-0.9392,-0.5,-0.866,7025.851,4148.744,6691.653,7445.001,6030.097,5277.7735,3322.256,6327.81,1485.05,4148.74,7445.0,6607.67,2291.45,17.0,172.0,1119.24,0.1907,8.8604
2015-07-26,6791.639,2015,3,7,30,0,-0.4538,-0.8911,-0.5,-0.866,7046.083,7025.851,4148.744,6691.653,10580.208,11160.547,19884.354,6228.08,1395.72,4148.74,7046.08,6755.03,2254.71,14.0,101.0,501.07,0.1712,8.8236
2015-08-02,6488.108,2015,3,8,31,0,-0.5575,-0.8302,-0.866,-0.5,6791.639,7046.083,7025.851,4148.744,3619.474,5612.204,3153.594,6253.08,1407.63,4148.74,7046.08,6390.95,1781.81,14.0,137.0,487.49,0.1312,8.7779
2015-08-09,7254.2192000000005,2015,3,8,32,0,-0.6532,-0.7572,-0.866,-0.5,6488.108,6791.639,7046.083,7025.851,6608.238,5092.2455,12976.082,6837.92,260.23,6488.11,7046.08,6463.95,1764.87,11.0,78.0,536.45,0.095,8.8895
2015-08-16,5511.004,2015,3,8,33,0,-0.7394,-0.6732,-0.866,-0.5,7254.2192000000005,6488.108,6791.639,7046.083,7445.001,6030.097,4480.216,6895.01,330.71,6488.11,7254.22,6644.11,1721.94,17.0,139.0,1506.34,0.1346,8.6147
2015-08-23,4478.07,2015,3,8,34,0,-0.815,-0.5795,-0.866,-0.5,5511.004,7254.2192000000005,6488.108,6791.639,6691.653,10580.208,3925.896,6511.24,737.48,5511.0,7254.22,6600.85,1745.13,16.0,118.0,300.88,0.1656,8.4072
2015-08-30,14751.068,2015,3,8,35,0,-0.8787,-0.4774,-0.866,-0.5,4478.07,5511.004,7254.2192000000005,6488.108,4148.744,3619.474,4934.6725,5932.85,1203.97,4478.07,7254.22,6092.34,1316.61,11.0,136.0,236.66,0.1603,9.5991
2015-09-06,9855.3,2015,3,9,36,1,-0.9297,-0.3684,-1.0,-0.0,14751.068,4478.07,5511.004,7254.2192000000005,7025.851,6608.238,7666.205,7998.59,4645.15,4478.07,14751.07,7019.97,2656.05,16.0,145.0,3101.13,0.1819,9.1959
2015-09-13,10543.759,2015,3,9,37,1,-0.9672,-0.2541,-1.0,-0.0,9855.3,14751.068,4478.07,5511.004,7046.083,7445.001,31458.978,8648.86,4688.07,4478.07,14751.07,7290.56,2773.11,30.0,187.0,1877.61,0.1491,9.2634
2015-09-20,23615.148,2015,3,9,38,1,-0.9907,-0.136,-1.0,-0.0,10543.759,9855.3,14751.068,4478.07,6791.639,6691.653,18341.768,9907.05,4216.89,4478.07,14751.07,7548.79,2928.71,30.0,232.0,1558.75,0.1016,10.0697
2015-09-27,22125.144,2015,3,9,39,1,-0.9999,-0.016,-1.0,-0.0,23615.148,10543.759,9855.3,14751.068,6488.108,4148.744,15213.7978,14691.32,6330.55,9855.3,23615.15,8959.08,5459.58,35.0,296.0,149.0,0.1444,10.0045
2015-10-04,4266.842,2015,4,10,40,1,-0.9946,0.1042,-0.866,0.5,22125.144,23615.148,10543.759,9855.3,7254.2192000000005,7025.851,11482.787,16534.84,7346.01,9855.3,23615.15,10457.12,6404.21,45.0,372.0,4757.0,0.1584,8.3589
2015-10-11,6466.8365,2015,4,10,41,1,-0.9748,0.2229,-0.866,0.5,4266.842,22125.144,23615.148,10543.759,5511.004,7046.083,4617.902,15137.72,9308.98,4266.84,23615.15,10227.2,6585.56,23.0,142.0,791.52,0.175,8.7746
2015-10-18,7263.316,2015,4,10,42,1,-0.941,0.3384,-0.866,0.5,6466.8365,4266.842,22125.144,23615.148,4478.07,6791.639,11050.8,14118.49,10163.59,4266.84,23615.15,10178.93,6613.06,19.0,111.0,-200.09,0.1717,8.8907
2015-10-25,7389.157,2015,4,10,43,1,-0.8935,0.449,-0.866,0.5,7263.316,6466.8365,4266.842,22125.144,14751.068,6488.108,3689.766,10030.53,8162.05,4266.84,22125.14,10218.23,6592.46,14.0,105.0,144.55,0.1607,8.9079
2015-11-01,10183.242,2015,4,11,44,1,-0.8331,0.5531,-0.5,0.866,7389.157,7263.316,6466.8365,4266.842,9855.3,7254.2192000000005,16567.19,6346.54,1445.35,4266.84,7389.16,10293.32,6551.12,21.0,156.0,1090.13,0.1821,9.2286
2015-11-08,24445.822,2015,4,11,45,1,-0.7606,0.6492,-0.5,0.866,10183.242,7389.157,7263.316,6466.8365,10543.759,5511.004,14572.967,7825.64,1623.92,6466.84,10183.24,10537.41,6481.79,21.0,185.0,2200.58,0.103,10.1043
2015-11-15,16633.3232,2015,4,11,46,1,-0.6772,0.7358,-0.5,0.866,24445.822,10183.242,7389.157,7263.316,23615.148,4478.07,15343.3457,12320.38,8195.21,7263.32,24445.82,12115.31,7388.27,36.0,292.0,4292.48,0.1828,9.7192
2015-11-22,16088.327800000001,2015,4,11,47,1,-0.5839,0.8119,-0.5,0.866,16633.3232,24445.822,10183.242,7389.157,22125.144,14751.068,26800.975,14662.89,7584.26,7389.16,24445.82,13128.25,7072.51,35.0,301.0,3301.61,0.1378,9.6859
2015-11-29,13900.5875,2015,4,11,48,1,-0.4821,0.8761,-0.5,0.866,16088.327800000001,16633.3232,24445.822,10183.242,4266.842,9855.3,15052.979,16837.68,5852.88,10183.24,24445.82,13239.68,7110.83,41.0,336.0,1282.48,0.2048,9.5398
2015-12-06,23046.274,2015,4,12,49,1,-0.3734,0.9277,-0.0,1.0,13900.5875,16088.327800000001,16633.3232,24445.822,6466.8365,10543.759,13515.078,17767.02,4606.48,13900.59,24445.82,13576.79,7031.25,31.0,281.0,2603.51,0.1112,10.0453
2015-12-13,11188.56,2015,4,12,50,1,-0.2592,0.9658,-0.0,1.0,23046.274,13900.5875,16088.327800000001,16633.3232,7263.316,23615.148,16064.3225,17417.13,3934.18,13900.59,23046.27,14618.67,7454.52,49.0,388.0,1885.83,0.1683,9.3227
2015-12-20,16439.98,2015,4,12,51,1,-0.1413,0.99,-0.0,1.0,11188.56,23046.274,13900.5875,16088.327800000001,7389.157,22125.144,18036.827,16055.94,5072.89,11188.56,23046.27,13583.12,6936.26,37.0,278.0,1999.75,0.1039,9.7075
2015-12-27,21324.8602,2015,4,12,52,1,-0.0214,0.9998,-0.0,1.0,16439.98,11188.56,23046.274,13900.5875,10183.242,4266.842,12431.376,16143.85,5076.69,11188.56,23046.27,13109.36,6478.85,36.0,226.0,121.59,0.1348,9.9677
2016-01-03,7219.994,2016,1,1,53,0,0.0989,0.9951,0.5,0.866,21324.8602,16439.98,11188.56,23046.274,24445.822,6466.8365,13462.7946,17999.92,5333.82,11188.56,23046.27,14530.86,6228.87,38.0,303.0,3150.38,0.1529,8.8847
2016-01-10,4185.654,2016,1,1,1,0,0.1201,0.9928,0.5,0.866,7219.994,21324.8602,16439.98,11188.56,16633.3232,7263.316,1708.984,14043.35,6150.13,7219.99,21324.86,14593.62,6143.44,13.0,99.0,1424.09,0.1333,8.3397
2016-01-17,2399.479,2016,1,1,2,0,0.2385,0.9711,0.5,0.866,4185.654,7219.994,21324.8602,16439.98,16088.327800000001,7389.157,1827.276,12292.62,7963.17,4185.65,21324.86,14337.15,6529.4,11.0,82.0,864.0,0.2,7.7834
2016-01-24,3848.346,2016,1,1,3,0,0.3535,0.9355,0.5,0.866,2399.479,4185.654,7219.994,21324.8602,13900.5875,10183.242,358.522,8782.5,8595.08,2399.48,21324.86,13921.34,7142.21,10.0,74.0,477.52,0.105,8.2557
2016-01-31,5607.262,2016,1,1,4,0,0.4633,0.8862,0.5,0.866,3848.346,2399.479,4185.654,7219.994,23046.274,24445.822,10314.516,4413.37,2025.18,2399.48,7219.99,13393.43,7659.04,11.0,89.0,583.5,0.1,8.632
2016-02-07,14111.864,2016,1,2,5,0,0.5664,0.8241,0.866,0.5,5607.262,3848.346,2399.479,4185.654,11188.56,16633.3232,3378.582,4010.19,1316.82,2399.48,5607.26,11823.55,7097.79,12.0,87.0,407.78,0.1435,9.5548
2016-02-14,3912.017,2016,1,2,6,0,0.6613,0.7501,0.866,0.5,14111.864,5607.262,3848.346,2399.479,16439.98,16088.327800000001,3545.134,6491.74,5246.67,2399.48,14111.86,11613.43,6978.78,15.0,116.0,3850.71,0.0581,8.2721
2016-02-21,3475.992,2016,1,2,7,0,0.7466,0.6653,0.866,0.5,3912.017,14111.864,5607.262,3848.346,21324.8602,13900.5875,3253.514,6869.87,4896.23,3848.35,14111.86,10598.74,7152.05,8.0,52.0,465.12,0.0615,8.1539
2016-02-28,1367.838,2016,1,2,8,0,0.8211,0.5708,0.866,0.5,3475.992,3912.017,14111.864,5607.262,7219.994,23046.274,3416.3554,6776.78,4975.72,3475.99,14111.86,9730.02,7345.03,13.0,91.0,338.73,0.1429,7.2217
2016-03-06,14950.429,2016,1,3,9,0,0.8837,0.468,1.0,0.0,1367.838,3475.992,3912.017,14111.864,4185.654,11188.56,7794.9169999999995,5716.93,5705.82,1367.84,14111.86,7923.49,6373.85,8.0,40.0,341.7,0.12,9.6126
2016-03-13,22184.762,2016,1,3,10,0,0.9336,0.3584,1.0,0.0,14950.429,1367.838,3475.992,3912.017,2399.479,16439.98,2729.488,5926.57,6117.62,1367.84,14950.43,8236.98,6636.15,16.0,120.0,1682.7,0.2294,10.0072
2016-03-20,7515.183,2016,1,3,11,0,0.9698,0.2437,1.0,0.0,22184.762,14950.429,1367.838,3475.992,3848.346,21324.8602,18231.9866,10494.76,9816.19,1367.84,22184.76,8715.71,7440.21,28.0,209.0,963.22,0.1797,8.9248
2016-03-27,3739.864,2016,1,3,12,0,0.9921,0.1254,1.0,0.0,7515.183,22184.762,14950.429,1367.838,5607.262,7219.994,7555.746,11504.55,9029.75,1367.84,22184.76,7564.9,6292.01,22.0,124.0,826.47,0.1976,8.2271
2016-04-03,7494.3189999999995,2016,2,4,13,0,1.0,0.0053,0.866,-0.5,3739.864,7515.183,22184.762,14950.429,14111.864,4185.654,5529.816,12097.56,8180.05,3739.86,22184.76,7274.89,6388.81,13.0,66.0,144.65,0.1667,8.922
2016-04-10,10254.047,2016,2,4,14,0,0.9934,-0.1148,0.866,-0.5,7494.3189999999995,3739.864,7515.183,22184.762,3912.017,2399.479,3344.06,10233.53,8162.77,3739.86,22184.76,7550.61,6314.33,19.0,153.0,934.13,0.1184,9.2355
2016-04-17,14973.249,2016,2,4,15,0,0.9724,-0.2333,0.866,-0.5,10254.047,7494.3189999999995,3739.864,7515.183,3475.992,3848.346,12471.884,7250.85,2675.53,3739.86,10254.05,8205.16,6136.41,26.0,176.0,-403.94,0.125,9.6141
2016-04-24,8293.219000000001,2016,2,4,16,0,0.9373,-0.3484,0.866,-0.5,14973.249,10254.047,7494.3189999999995,3739.864,1367.838,5607.262,5277.7735,9115.37,4730.58,3739.86,14973.25,9132.24,6257.52,21.0,143.0,2788.59,0.1365,9.0233
2016-05-01,1689.8120000000001,2016,2,5,17,0,0.8887,-0.4585,0.5,-0.866,8293.219000000001,14973.249,10254.047,7494.3189999999995,14950.429,14111.864,11160.547,10253.71,3353.2,7494.32,14973.25,9356.07,6167.36,22.0,194.0,-405.51,0.1811,7.433
2016-05-08,11311.609,2016,2,5,18,0,0.8272,-0.562,0.5,-0.866,1689.8120000000001,8293.219000000001,14973.249,10254.047,22184.762,3912.017,5612.204,8802.58,5508.62,1689.81,14973.25,8320.89,6336.73,11.0,49.0,-7.45,0.3111,9.3337
2016-05-15,4076.232,2016,2,5,19,0,0.7537,-0.6573,0.5,-0.866,11311.609,1689.8120000000001,8293.219000000001,14973.249,7515.183,3475.992,5092.2455,9066.97,5625.65,1689.81,14973.25,8937.53,6227.78,24.0,181.0,1724.46,0.1868,8.3132
2016-05-22,9920.937,2016,2,5,20,0,0.6693,-0.743,0.5,-0.866,4076.232,11311.609,1689.8120000000001,8293.219000000001,3739.864,1367.838,6030.097,6342.72,4292.66,1689.81,11311.61,8987.55,6182.17,23.0,143.0,577.8,0.2263,9.2025
2016-05-29,22631.647,2016,2,5,21,0,0.5751,-0.818,0.5,-0.866,9920.937,4076.232,11311.609,1689.8120000000001,7494.3189999999995,14950.429,10580.208,6749.65,4604.98,1689.81,11311.61,9700.31,5697.9,24.0,187.0,1404.43,0.1841,10.0271
2016-06-05,11734.712,2016,2,6,22,0,0.4727,-0.8812,0.0,-1.0,22631.647,9920.937,4076.232,11311.609,10254.047,22184.762,3619.474,11985.11,7759.16,4076.23,22631.65,10340.41,6686.94,23.0,209.0,3203.03,0.1491,9.3704
2016-06-12,13764.721,2016,2,6,23,0,0.3634,-0.9316,0.0,-1.0,11734.712,22631.647,9920.937,4076.232,14973.249,7515.183,6608.238,12090.88,7749.79,4076.23,22631.65,9469.57,5595.62,22.0,219.0,1940.9,0.1821,9.5299
2016-06-19,7768.278,2016,2,6,24,0,0.2489,-0.9685,0.0,-1.0,13764.721,11734.712,22631.647,9920.937,8293.219000000001,3739.864,7445.001,14513.0,5635.55,9920.94,22631.65,9990.36,5687.27,28.0,244.0,1588.41,0.1542,8.9579
2016-06-26,12405.568,2016,2,6,25,0,0.1307,-0.9914,0.0,-1.0,7768.278,13764.721,11734.712,22631.647,1689.8120000000001,7494.3189999999995,6691.653,13974.84,6285.54,7768.28,22631.65,10326.07,5396.23,23.0,133.0,921.55,0.1275,9.426
2016-07-03,6545.554,2016,3,7,26,0,0.0107,-0.9999,-0.5,-0.866,12405.568,7768.278,13764.721,11734.712,11311.609,10254.047,4148.744,11418.32,2575.73,7768.28,13764.72,10735.34,5347.96,28.0,221.0,1564.18,0.1233,8.7867
2016-07-10,9619.225,2016,3,7,27,0,-0.1095,-0.994,-0.5,-0.866,6545.554,12405.568,7768.278,13764.721,4076.232,14973.249,7025.851,10121.03,3503.1,6545.55,13764.72,10426.29,5483.73,18.0,112.0,1388.78,0.0839,9.1716
2016-07-17,5720.97,2016,3,7,28,0,-0.2281,-0.9736,-0.5,-0.866,9619.225,6545.554,12405.568,7768.278,9920.937,8293.219000000001,7046.083,9084.66,2549.12,6545.55,12405.57,9980.13,5294.69,18.0,151.0,1262.13,0.2388,8.6521
2016-07-24,7858.956,2016,3,7,29,0,-0.3434,-0.9392,-0.5,-0.866,5720.97,9619.225,6545.554,12405.568,22631.647,1689.8120000000001,6791.639,8572.83,3056.57,5720.97,12405.57,9765.77,5419.79,22.0,193.0,987.84,0.0941,8.9695
2016-07-31,12717.95,2016,3,7,30,0,-0.4538,-0.8911,-0.5,-0.866,7858.956,5720.97,9619.225,6545.554,11734.712,11311.609,6488.108,7436.18,1700.94,5720.97,9619.22,10279.87,4846.35,24.0,188.0,1078.42,0.1722,9.4508
2016-08-07,3051.37,2016,3,8,31,0,-0.5575,-0.8302,-0.866,-0.5,12717.95,7858.956,5720.97,9619.225,13764.721,4076.232,7254.2192000000005,8979.28,2958.54,5720.97,12717.95,10397.06,4890.37,22.0,169.0,278.72,0.1825,8.0237
2016-08-14,7535.5505,2016,3,8,32,0,-0.6532,-0.7572,-0.866,-0.5,3051.37,12717.95,7858.956,5720.97,7768.278,9920.937,5511.004,7337.31,4090.85,3051.37,12717.95,10311.66,5018.08,13.0,82.0,540.77,0.1273,8.9275
2016-08-21,7658.496,2016,3,8,33,0,-0.7394,-0.6732,-0.866,-0.5,7535.5505,3051.37,12717.95,7858.956,12405.568,22631.647,4478.07,7790.96,3950.05,3051.37,12717.95,10112.88,5081.8,21.0,146.0,243.13,0.1961,8.9437
2016-08-28,10556.9318,2016,3,8,34,0,-0.815,-0.5795,-0.866,-0.5,7658.496,7535.5505,3051.37,12717.95,6545.554,11734.712,14751.068,7740.84,3950.18,3051.37,12717.95,8865.11,3229.03,20.0,151.0,522.39,0.1889,9.2646
2016-09-04,21769.009,2016,3,9,35,1,-0.8787,-0.4774,-1.0,-0.0,10556.9318,7658.496,7535.5505,3051.37,9619.225,13764.721,9855.3,7200.59,3098.54,3051.37,10556.93,8766.96,3150.83,29.0,241.0,1132.92,0.1654,9.9883
2016-09-11,19714.7696,2016,3,9,36,1,-0.9297,-0.3684,-1.0,-0.0,21769.009,10556.9318,7658.496,7535.5505,5720.97,7768.278,10543.759,11880.0,6738.9,7535.55,21769.01,9433.99,4747.65,40.0,358.0,2978.46,0.1745,9.8892
2016-09-18,14877.136,2016,3,9,37,1,-0.9672,-0.2541,-1.0,-0.0,19714.7696,21769.009,10556.9318,7658.496,7858.956,12405.568,23615.148,14924.8,6871.79,7658.5,21769.01,10429.53,5551.15,52.0,347.0,1870.77,0.1951,9.6076
2016-09-25,12738.172,2016,3,9,38,1,-0.9907,-0.136,-1.0,-0.0,14877.136,19714.7696,21769.009,10556.9318,12717.95,6545.554,22125.144,16729.46,5027.93,10556.93,21769.01,10635.49,5675.59,34.0,229.0,3028.02,0.0853,9.4524
2016-10-02,25858.350300000002,2016,4,10,39,1,-0.9999,-0.016,-0.866,0.5,12738.172,14877.136,19714.7696,21769.009,3051.37,9619.225,4266.842,17274.77,4182.55,12738.17,21769.01,11151.54,5550.05,48.0,328.0,1341.4,0.1335,10.1604
2016-10-09,10506.045999999998,2016,4,10,40,1,-0.9946,0.1042,-0.866,0.5,25858.350300000002,12738.172,14877.136,19714.7696,7535.5505,5720.97,6466.8365,18297.11,5824.66,12738.17,25858.35,12504.81,6946.55,33.0,182.0,8428.87,0.1874,9.2598
2016-10-16,7064.655,2016,4,10,41,1,-0.9748,0.2229,-0.866,0.5,10506.045999999998,25858.350300000002,12738.172,14877.136,7658.496,7858.956,7263.316,15994.93,6813.49,10506.05,25858.35,12903.56,6652.87,22.0,132.0,1928.76,0.2152,8.863
2016-10-23,12814.734,2016,4,10,42,1,-0.941,0.3384,-0.866,0.5,7064.655,10506.045999999998,25858.350300000002,12738.172,10556.9318,12717.95,7389.157,14041.81,8216.09,7064.66,25858.35,12837.37,6711.31,16.0,191.0,929.73,0.1635,9.4584
2016-10-30,6317.425,2016,4,10,43,1,-0.8935,0.449,-0.866,0.5,12814.734,7064.655,10506.045999999998,25858.350300000002,21769.009,3051.37,10183.242,14060.95,8212.13,7064.66,25858.35,12845.44,6711.22,29.0,198.0,3266.69,0.1096,8.7512
2016-11-06,16935.6418,2016,4,11,44,1,-0.8331,0.5531,-0.5,0.866,6317.425,12814.734,7064.655,10506.045999999998,19714.7696,7535.5505,24445.822,9175.72,3035.27,6317.42,12814.73,13117.61,6333.51,25.0,157.0,971.63,0.1171,9.7372
2016-11-13,22812.184,2016,4,11,45,1,-0.7606,0.6492,-0.5,0.866,16935.6418,6317.425,12814.734,7064.655,14877.136,7658.496,16633.3232,10783.11,5024.95,6317.42,16935.64,13900.95,6159.26,38.0,313.0,1361.59,0.1515,10.0351
2016-11-20,12766.911,2016,4,11,46,1,-0.6772,0.7358,-0.5,0.866,22812.184,16935.6418,6317.425,12814.734,12738.172,10556.9318,16088.327800000001,14720.0,6943.24,6317.42,22812.18,15163.75,6314.54,50.0,395.0,3611.25,0.1362,9.4547
2016-11-27,25948.622,2016,4,11,47,1,-0.5839,0.8119,-0.5,0.866,12766.911,22812.184,16935.6418,6317.425,25858.350300000002,21769.009,13900.5875,14708.04,6947.66,6317.42,22812.18,15347.92,6199.14,43.0,280.0,2133.87,0.1709,10.1639
2016-12-04,22963.279,2016,4,12,48,1,-0.4821,0.8761,-0.0,1.0,25948.622,12766.911,22812.184,16935.6418,10506.045999999998,19714.7696,23046.274,19615.84,5899.49,12766.91,25948.62,15696.22,6690.64,49.0,381.0,-2765.02,0.1628,10.0417
2016-12-11,25271.818,2016,4,12,49,1,-0.3734,0.9277,-0.0,1.0,22963.279,25948.622,12766.911,22812.184,7064.655,14877.136,11188.56,21122.75,5754.73,12766.91,25948.62,15966.93,6929.47,37.0,322.0,3977.99,0.1117,10.1375
2016-12-18,26505.97,2016,4,12,50,1,-0.2592,0.9658,-0.0,1.0,25271.818,22963.279,25948.622,12766.911,12814.734,12738.172,16439.98,21737.66,6115.53,12766.91,25948.62,16833.15,7413.64,48.0,462.0,4419.25,0.1222,10.1852
2016-12-25,21384.952,2016,4,12,51,1,-0.1413,0.99,-0.0,1.0,26505.97,25271.818,22963.279,25948.622,6317.425,25858.350300000002,21324.8602,25172.42,1556.82,22963.28,26505.97,17980.47,7778.65,35.0,272.0,6287.33,0.1333,9.9705
2017-01-01,7053.9580000000005,2017,1,1,52,0,-0.0214,0.9998,0.5,0.866,21384.952,26505.97,25271.818,22963.279,16935.6418,10506.045999999998,7219.994,24031.5,2295.41,21384.95,26505.97,17607.69,7467.76,32.0,265.0,2740.47,0.1803,8.8615
2017-01-08,8472.136,2017,1,1,1,0,0.1201,0.9928,0.5,0.866,7053.9580000000005,21384.952,26505.97,25271.818,22812.184,7064.655,4185.654,20054.17,8937.3,7053.96,26505.97,17320.01,7824.19,36.0,220.0,398.89,0.2088,9.0447
2017-01-15,8938.659,2017,1,1,2,0,0.2385,0.9711,0.5,0.866,8472.136,7053.9580000000005,21384.952,26505.97,12766.911,12814.734,2399.479,15854.25,9591.46,7053.96,26505.97,17437.3,7665.42,10.0,79.0,1351.84,0.2316,9.0983
2017-01-22,15770.86,2017,1,1,3,0,0.3535,0.9355,0.5,0.866,8938.659,8472.136,7053.9580000000005,21384.952,25948.622,6317.425,3848.346,11462.43,6663.39,7053.96,21384.95,17114.3,7954.14,14.0,137.0,-617.59,0.1914,9.666
2017-01-29,5558.556,2017,1,1,4,0,0.4633,0.8862,0.5,0.866,15770.86,8938.659,8472.136,7053.9580000000005,22963.279,16935.6418,5607.262,10058.9,3891.4,7053.96,15770.86,17902.08,7222.04,16.0,147.0,4887.21,0.11,8.6233
2017-02-05,7880.698,2017,1,2,5,0,0.5664,0.8241,0.866,0.5,5558.556,15770.86,8938.659,8472.136,25271.818,22812.184,14111.864,9685.05,4324.09,5558.56,15770.86,16953.99,8058.75,19.0,126.0,1391.95,0.1114,8.9723
2017-02-12,3146.737,2017,1,2,6,0,0.6613,0.7501,0.866,0.5,7880.698,5558.556,15770.86,8938.659,26505.97,12766.911,3912.017,9537.19,4389.02,5558.56,15770.86,15709.7,8223.06,15.0,125.0,778.07,0.1868,8.0544
2017-02-19,6962.6053999999995,2017,1,2,7,0,0.7466,0.6653,0.866,0.5,3146.737,7880.698,5558.556,15770.86,21384.952,25948.622,3475.992,8089.21,5473.68,3146.74,15770.86,14908.02,8970.97,13.0,62.0,-49.43,0.2083,8.8485
2017-02-26,6042.808,2017,1,2,8,0,0.8211,0.5708,0.866,0.5,6962.6053999999995,3146.737,7880.698,5558.556,7053.9580000000005,22963.279,1367.838,5887.15,2061.45,3146.74,7880.7,13325.85,8509.13,16.0,113.0,576.22,0.1463,8.7068
2017-03-05,4936.692,2017,1,3,9,0,0.8837,0.468,1.0,0.0,6042.808,6962.6053999999995,3146.737,7880.698,8472.136,25271.818,14950.429,6008.21,2049.9,3146.74,7880.7,11915.81,8161.78,14.0,112.0,609.23,0.1733,8.5047
2017-03-12,6078.67,2017,1,3,10,0,0.9336,0.3584,1.0,0.0,4936.692,6042.808,6962.6053999999995,3146.737,8938.659,26505.97,22184.762,5272.21,1641.29,3146.74,6962.61,10221.22,7189.81,18.0,124.0,1226.98,0.1343,8.7127
2017-03-19,10592.099,2017,1,3,11,0,0.9698,0.2437,1.0,0.0,6078.67,4936.692,6042.808,6962.6053999999995,15770.86,21384.952,7515.183,6005.19,829.69,4936.69,6962.61,8518.94,5097.43,22.0,140.0,794.47,0.1513,9.268
2017-03-26,27125.476,2017,1,3,12,0,0.9921,0.1254,1.0,0.0,10592.099,6078.67,4936.692,6042.808,5558.556,7053.9580000000005,3739.864,6912.57,2509.64,4936.69,10592.1,7619.54,3231.64,28.0,266.0,1024.56,0.1544,10.2083
2017-04-02,16952.9938,2017,2,4,13,0,1.0,0.0053,0.866,-0.5,27125.476,10592.099,6078.67,4936.692,7880.698,8472.136,7494.3189999999995,12183.23,10256.39,4936.69,27125.48,9292.17,6477.01,31.0,201.0,9481.31,0.0893,9.7383
2017-04-09,10955.3485,2017,2,4,14,0,0.9934,-0.1148,0.866,-0.5,16952.9938,27125.476,10592.099,6078.67,3146.737,8938.659,10254.047,15187.31,9123.61,6078.67,27125.48,9998.9,6832.34,30.0,233.0,2991.64,0.1083,9.3017
2017-04-16,4420.516,2017,2,4,15,0,0.9724,-0.2333,0.866,-0.5,10955.3485,16952.9938,27125.476,10592.099,6962.6053999999995,15770.86,14973.249,16406.48,7718.32,10592.1,27125.48,10166.96,6828.69,18.0,115.0,2510.98,0.1541,8.3942
2017-04-23,8866.177,2017,2,4,16,0,0.9373,-0.3484,0.866,-0.5,4420.516,10955.3485,16952.9938,27125.476,6042.808,5558.556,8293.219000000001,14863.58,9644.54,4420.52,27125.48,9221.1,6767.73,30.0,162.0,587.83,0.1926,9.0901
2017-04-30,5483.536599999999,2017,2,4,17,0,0.8887,-0.4585,0.866,-0.5,8866.177,4420.516,10955.3485,16952.9938,4936.692,7880.698,1689.8120000000001,10298.76,5206.28,4420.52,16952.99,9496.74,6671.68,24.0,199.0,-3059.85,0.2442,8.6097
2017-05-07,13201.1918,2017,2,5,18,0,0.8272,-0.562,0.5,-0.866,5483.536599999999,8866.177,4420.516,10955.3485,6078.67,3146.737,11311.609,7431.39,3018.63,4420.52,10955.35,9296.97,6759.77,34.0,181.0,135.49,0.2134,9.4881
2017-05-14,13405.069,2017,2,5,19,0,0.7537,-0.6573,0.5,-0.866,13201.1918,5483.536599999999,8866.177,4420.516,10592.099,6962.6053999999995,4076.232,7992.86,3955.91,4420.52,13201.19,10134.84,6547.95,29.0,225.0,479.82,0.1977,9.5035
2017-05-21,10927.576000000001,2017,2,5,20,0,0.6693,-0.743,0.5,-0.866,13405.069,13201.1918,5483.536599999999,8866.177,27125.476,6042.808,9920.937,10238.99,3799.02,5483.54,13405.07,10671.71,6528.29,29.0,237.0,2940.17,0.1281,9.2991
2017-05-28,5299.275,2017,2,5,21,0,0.5751,-0.818,0.5,-0.866,10927.576000000001,13405.069,13201.1918,5483.536599999999,16952.9938,4936.692,22631.647,10754.34,3688.94,5483.54,13405.07,11078.78,6363.64,26.0,222.0,1949.62,0.1317,8.5755
2017-06-04,9853.5164,2017,2,6,22,0,0.4727,-0.8812,0.0,-1.0,5299.275,10927.576000000001,13405.069,13201.1918,10955.3485,6078.67,11734.712,10708.28,3776.8,5299.28,13405.07,11108.99,6332.61,25.0,158.0,787.39,0.1733,9.1957
2017-06-11,7782.87,2017,2,6,23,0,0.3634,-0.9316,0.0,-1.0,9853.5164,5299.275,10927.576000000001,13405.069,4420.516,10592.099,13764.721,9871.36,3391.51,5299.28,13405.07,11423.56,6151.17,30.0,213.0,1970.51,0.1647,8.9598
2017-06-18,14545.5175,2017,2,6,24,0,0.2489,-0.9685,0.0,-1.0,7782.87,9853.5164,5299.275,10927.576000000001,8866.177,27125.476,7768.278,8465.81,2481.89,5299.28,10927.58,11189.46,6238.53,27.0,168.0,660.18,0.183,9.5851
2017-06-25,7114.8099999999995,2017,2,6,25,0,0.1307,-0.9914,0.0,-1.0,14545.5175,7782.87,9853.5164,5299.275,5483.536599999999,16952.9938,12405.568,9370.29,3920.44,5299.28,14545.52,10141.13,3956.93,29.0,207.0,2960.02,0.1605,8.8701
2017-07-02,15922.0322,2017,3,7,26,0,0.0107,-0.9999,-0.5,-0.866,7114.8099999999995,14545.5175,7782.87,9853.5164,13201.1918,10955.3485,6545.554,9824.18,3356.56,7114.81,14545.52,9321.28,3396.82,29.0,194.0,752.52,0.2077,9.6755
2017-07-09,13091.864,2017,3,7,27,0,-0.1095,-0.994,-0.5,-0.866,15922.0322,7114.8099999999995,14545.5175,7782.87,13405.069,4420.516,9619.225,11341.31,4537.83,7114.81,15922.03,9735.17,3881.96,29.0,212.0,2220.97,0.1302,9.4798
2017-07-16,8644.262999999999,2017,3,7,28,0,-0.2281,-0.9736,-0.5,-0.866,13091.864,15922.0322,7114.8099999999995,14545.5175,10927.576000000001,8866.177,5720.97,12668.56,3878.63,7114.81,15922.03,10457.79,3599.52,33.0,257.0,2183.13,0.1567,9.0648
2017-07-23,11722.321,2017,3,7,29,0,-0.3434,-0.9392,-0.5,-0.866,8644.262999999999,13091.864,15922.0322,7114.8099999999995,5299.275,5483.536599999999,7858.956,11193.24,4045.46,7114.81,15922.03,10439.29,3609.0,19.0,152.0,748.5,0.1049,9.3693
2017-07-30,9438.918,2017,3,7,30,0,-0.4538,-0.8911,-0.5,-0.866,11722.321,8644.262999999999,13091.864,15922.0322,9853.5164,13201.1918,12717.95,12345.12,3024.13,8644.26,15922.03,10959.19,3262.97,30.0,237.0,1120.49,0.1602,9.1527
2017-08-06,6122.798,2017,3,8,31,0,-0.5575,-0.8302,-0.866,-0.5,9438.918,11722.321,8644.262999999999,13091.864,7782.87,13405.069,3051.37,10724.34,2047.78,8644.26,13091.86,10645.67,3208.25,20.0,138.0,2280.49,0.1211,8.7199
2017-08-13,12347.668,2017,3,8,32,0,-0.6532,-0.7572,-0.866,-0.5,6122.798,9438.918,11722.321,8644.262999999999,14545.5175,10927.576000000001,7535.5505,8982.07,2309.92,6122.8,11722.32,10038.81,3325.44,27.0,150.0,936.26,0.1154,9.4213
2017-08-20,20272.34,2017,3,8,33,0,-0.7394,-0.6732,-0.866,-0.5,12347.668,6122.798,9438.918,11722.321,7114.8099999999995,5299.275,7658.496,9907.93,2816.12,6122.8,12347.67,10157.15,3384.69,20.0,216.0,1280.72,0.1173,9.9171
2017-08-27,21094.18,2017,3,8,34,0,-0.815,-0.5795,-0.866,-0.5,20272.34,12347.668,6122.798,9438.918,15922.0322,9853.5164,10556.9318,12045.43,6045.52,6122.8,20272.34,11404.91,4112.65,28.0,207.0,2697.68,0.1755,9.9568
2017-09-03,17054.443,2017,3,9,35,1,-0.8787,-0.4774,-1.0,-0.0,21094.18,20272.34,12347.668,6122.798,13091.864,7782.87,21769.009,14959.25,7089.18,6122.8,21094.18,12341.63,4926.72,29.0,246.0,3577.36,0.1443,9.7442
2017-09-10,18582.845,2017,3,9,36,1,-0.9297,-0.3684,-1.0,-0.0,17054.443,21094.18,20272.34,12347.668,8644.262999999999,14545.5175,19714.7696,17692.16,3966.58,12347.67,21094.18,13114.26,4873.52,41.0,298.0,4153.89,0.1256,9.83
2017-09-17,23552.725,2017,3,9,37,1,-0.9672,-0.2541,-1.0,-0.0,18582.845,17054.443,21094.18,20272.34,11722.321,7114.8099999999995,14877.136,19250.95,1799.24,17054.44,21094.18,13450.71,5114.7,63.0,422.0,-185.69,0.1932,10.067
2017-09-24,27575.669,2017,3,9,38,1,-0.9907,-0.136,-1.0,-0.0,23552.725,18582.845,17054.443,21094.18,9438.918,15922.0322,12738.172,20071.05,2856.78,17054.44,23552.72,14820.53,5453.54,49.0,403.0,4097.98,0.1365,10.2247
2017-10-01,8921.366,2017,4,10,39,1,-0.9999,-0.016,-0.866,0.5,27575.669,23552.725,18582.845,17054.443,6122.798,13091.864,25858.350300000002,21691.42,4804.64,17054.44,27575.67,15791.67,6587.28,58.0,447.0,3194.6,0.1218,9.0963
2017-10-08,19484.316000000003,2017,4,10,40,1,-0.9946,0.1042,-0.866,0.5,8921.366,27575.669,23552.725,18582.845,12347.668,8644.262999999999,10506.045999999998,19658.15,8047.56,8921.37,27575.67,15444.13,6847.54,35.0,257.0,1757.51,0.15,9.8774
2017-10-15,16929.375,2017,4,10,41,1,-0.9748,0.2229,-0.866,0.5,19484.316000000003,8921.366,27575.669,23552.725,20272.34,11722.321,7064.655,19883.52,8019.98,8921.37,27575.67,16347.47,6578.68,36.0,296.0,2046.51,0.1606,9.7369
2017-10-22,27411.7552,2017,4,10,42,1,-0.941,0.3384,-0.866,0.5,16929.375,19484.316000000003,8921.366,27575.669,21094.18,9438.918,12814.734,18227.68,7686.72,8921.37,27575.67,16781.39,6415.59,33.0,239.0,2765.95,0.1621,10.2188
2017-10-29,6423.353,2017,4,10,43,1,-0.8935,0.449,-0.866,0.5,27411.7552,16929.375,19484.316000000003,8921.366,17054.443,6122.798,6317.425,18186.7,7620.43,8921.37,27411.76,18279.12,6639.63,40.0,254.0,2612.27,0.2031,8.7679
2017-11-05,31325.571,2017,4,11,44,1,-0.8331,0.5531,-0.5,0.866,6423.353,27411.7552,16929.375,19484.316000000003,18582.845,12347.668,16935.6418,17562.2,8663.77,6423.35,27411.76,18304.17,6589.99,23.0,179.0,276.51,0.2029,10.3522
2017-11-12,20571.872,2017,4,11,45,1,-0.7606,0.6492,-0.5,0.866,31325.571,6423.353,27411.7552,16929.375,23552.725,20272.34,22812.184,20522.51,11193.22,6423.35,31325.57,19885.66,7272.43,55.0,437.0,-937.61,0.1611,9.9317
2017-11-19,35344.423,2017,4,11,46,1,-0.6772,0.7358,-0.5,0.866,20571.872,31325.571,6423.353,27411.7552,27575.669,21094.18,12766.911,21433.14,10948.97,6423.35,31325.57,19910.62,7274.39,64.0,416.0,2181.32,0.1658,10.4729
2017-11-26,20087.249,2017,4,11,47,1,-0.5839,0.8119,-0.5,0.866,35344.423,20571.872,31325.571,6423.353,8921.366,17054.443,25948.622,23416.3,12931.71,6423.35,35344.42,21098.14,8538.49,70.0,485.0,4716.83,0.1734,9.9079
2017-12-03,32354.57,2017,4,12,48,1,-0.4821,0.8761,-0.0,1.0,20087.249,35344.423,20571.872,31325.571,19484.316000000003,18582.845,22963.279,26832.28,7688.4,20087.25,35344.42,21350.88,8452.37,57.0,410.0,3201.0,0.1562,10.3845
2017-12-10,24006.958,2017,4,12,49,1,-0.3734,0.9277,-0.0,1.0,32354.57,20087.249,35344.423,20571.872,16929.375,23552.725,25271.818,27089.53,7903.07,20087.25,35344.42,22498.52,8961.95,62.0,564.0,2081.82,0.1692,10.0861
2017-12-17,10495.963,2017,4,12,50,1,-0.2592,0.9658,-0.0,1.0,24006.958,32354.57,20087.249,35344.423,27411.7552,27575.669,26505.97,27948.3,7105.12,20087.25,35344.42,22536.37,8967.76,62.0,480.0,1099.17,0.1153,9.2588
2017-12-24,23662.364,2017,4,12,51,1,-0.1413,0.99,-0.0,1.0,10495.963,24006.958,32354.57,20087.249,6423.353,8921.366,21384.952,21736.18,9073.19,10495.96,32354.57,21113.06,9438.3,37.0,267.0,758.96,0.1331,10.0717
2017-12-31,8977.8318,2017,4,12,52,1,-0.0214,0.9998,-0.0,1.0,23662.364,10495.963,24006.958,32354.57,31325.571,19484.316000000003,7053.9580000000005,22629.96,9032.61,10495.96,32354.57,22341.48,8632.12,52.0,372.0,4245.49,0.1268,9.1026
